region,total_amount,n_orders,n_customers,avg_line_amount
Busan,7856628,50,13,62853.024
Daegu,5505057,32,7,64012.29069767442
Incheon,3288577,25,6,57694.333333333336
Seoul,1425853,13,4,47528.433333333334
