user_id,days,avg_steps,std_steps,max_steps,high_days,avg_calories
U005,30,7483.733333333334,2798.476850906127,11922,17,410.53333333333336
U001,30,7420.766666666666,2967.1000202023956,11818,13,394.6
U004,30,6930.233333333334,2634.5426179409446,11658,10,379.4
U003,30,6362.166666666667,2953.0362642813784,10877,13,352.8333333333333
U002,30,6348.033333333334,3069.2792985721712,11744,10,351.03333333333336
